has,prefers,count
Afghanistan,Canada,2933
Afghanistan,"China, mainland",21476
Afghanistan,Iran (Islamic Republic of),2964
Afghanistan,Japan,1824
Afghanistan,Kazakhstan,466090
Afghanistan,Malaysia,149
Afghanistan,Pakistan,160863
Afghanistan,Russian Federation,3819
Afghanistan,Tajikistan,3860
Afghanistan,Turkmenistan,482
Afghanistan,United Arab Emirates,145
Afghanistan,United States of America,877
Afghanistan,Uzbekistan,18560
Albania,Bulgaria,101
Albania,"China, mainland",0
Albania,Croatia,8845
Albania,France,96454
Albania,Germany,8051
Albania,Greece,81
Albania,Hungary,5636
Albania,Italy,2489
Albania,Kazakhstan,10737
Albania,Russian Federation,149818
Albania,Serbia,10923
Albania,Serbia,87
Albania,Spain,3300
Albania,The former Yugoslav Republic of Macedonia,20
Albania,Turkey,24
Albania,Ukraine,8180
Albania,United States of America,1286
Algeria,Argentina,183499
Algeria,Brazil,675097
Algeria,Bulgaria,1372
Algeria,Canada,58572
Algeria,Egypt,220
Algeria,France,5660608
Algeria,Germany,26250
Algeria,Italy,104961
Algeria,Mexico,513354
Algeria,Paraguay,26101
Algeria,Spain,50070
Algeria,Syrian Arab Republic,0
Algeria,Ukraine,2975
Algeria,United States of America,73791
Algeria,Uruguay,77733
Antigua and Barbuda,Lebanon,0
Antigua and Barbuda,United States of America,0
Argentina,Algeria,303905
Argentina,Bahrain,40198
Argentina,Bangladesh,197364
Argentina,Belgium,2126
Argentina,Bolivia (Plurinational State of),68782
Argentina,Brazil,1
Argentina,Brazil,4607359
Argentina,Burundi,3000
Argentina,Cabo Verde,4500
Argentina,Cameroon,30760
Argentina,Chile,164468
Argentina,Colombia,158495
Argentina,Congo,25885
Argentina,Côte d'Ivoire,29517
Argentina,Democratic Republic of the Congo,37960
Argentina,Djibouti,46000
Argentina,Ecuador,4556
Argentina,Egypt,415463
Argentina,France,7
Argentina,France,959
Argentina,Israel,62
Argentina,Italy,61706
Argentina,Kenya,120393
Argentina,Malaysia,5151
Argentina,Mali,6500
Argentina,Mauritania,41450
Argentina,Mexico,0
Argentina,Morocco,339001
Argentina,Mozambique,82278
Argentina,Namibia,8230
Argentina,Netherlands,1194
Argentina,Nigeria,40208
Argentina,Norway,154
Argentina,Oman,43250
Argentina,Peru,137501
Argentina,Rwanda,6070
Argentina,Saudi Arabia,26923
Argentina,Senegal,25071
Argentina,South Africa,791463
Argentina,Spain,0
Argentina,Spain,147
Argentina,Switzerland,0
Argentina,Switzerland,1314
Argentina,Syrian Arab Republic,27070
Argentina,Tunisia,27500
Argentina,Turkey,162214
Argentina,Uganda,26899
Argentina,United Arab Emirates,64075
Argentina,United Kingdom,0
Argentina,United Kingdom,2425
Argentina,United Republic of Tanzania,87624
Argentina,United States of America,0
Argentina,Uruguay,1
Argentina,Uruguay,7777
Argentina,Venezuela (Bolivarian Republic of),39478
Argentina,Yemen,68553
Argentina,Zimbabwe,18161
Armenia,Australia,49
Armenia,Austria,0
Armenia,France,2973
Armenia,Germany,0
Armenia,Hungary,13987
Armenia,Iran (Islamic Republic of),4796
Armenia,Kazakhstan,84262
Armenia,Russian Federation,190530
Armenia,Russian Federation,22
Armenia,Ukraine,59934
Armenia,United States of America,18
Aruba,Colombia,1
Aruba,Dominica,0
Aruba,Haiti,0
Aruba,Jamaica,297
Aruba,Netherlands,1
Aruba,Peru,0
Aruba,Venezuela (Bolivarian Republic of),0
Australia,Australia,24
Australia,Bahrain,32261
Australia,Bangladesh,570844
Australia,Bolivia (Plurinational State of),0
Australia,Cambodia,19368
Australia,"China, Hong Kong SAR",1572
Australia,"China, mainland",2
Australia,"China, mainland",570279
Australia,"China, Taiwan Province of",268567
Australia,Democratic People's Republic of Korea,20997
Australia,Djibouti,1994
Australia,Egypt,682773
Australia,Ethiopia,1527
Australia,Fiji,143385
Australia,French Polynesia,200
Australia,Georgia,49
Australia,Germany,26021
Australia,India,24
Australia,Indonesia,3274244
Australia,Iraq,1022030
Australia,Israel,36533
Australia,Italy,0
Australia,Italy,202436
Australia,Japan,1208790
Australia,Kenya,77430
Australia,Kuwait,358777
Australia,Lebanon,1
Australia,Lebanon,23657
Australia,Malawi,32436
Australia,Malaysia,884167
Australia,Mauritius,34762
Australia,Mozambique,92775
Australia,Myanmar,121395
Australia,New Caledonia,28291
Australia,New Zealand,1078
Australia,New Zealand,437072
Australia,Nigeria,75
Australia,Oman,40652
Australia,Papua New Guinea,165624
Australia,Philippines,1023575
Australia,Qatar,21000
Australia,Republic of Korea,1710908
Australia,Saudi Arabia,65645
Australia,Seychelles,69
Australia,Singapore,90428
Australia,Solomon Islands,14298
Australia,South Africa,218228
Australia,Sri Lanka,78796
Australia,Sudan (former),493020
Australia,Thailand,637002
Australia,Turkey,2
Australia,United Arab Emirates,182531
Australia,United Kingdom,2
Australia,United Kingdom,410
Australia,United Republic of Tanzania,92500
Australia,United States of America,497
Australia,Viet Nam,2059062
Australia,Yemen,588229
Austria,Belgium,1875
Austria,Belgium,195
Austria,Bosnia and Herzegovina,22
Austria,Bulgaria,2771
Austria,Burkina Faso,0
Austria,Canada,0
Austria,Canada,0
Austria,Chile,0
Austria,Croatia,40
Austria,Czechia,129900
Austria,Czechia,2073
Austria,France,1345
Austria,France,6254
Austria,Germany,161889
Austria,Germany,128351
Austria,Greece,826
Austria,Hungary,131292
Austria,Hungary,8726
Austria,Ireland,0
Austria,Italy,4759
Austria,Italy,377746
Austria,Lithuania,9
Austria,Luxembourg,0
Austria,Netherlands,4997
Austria,Netherlands,6932
Austria,Poland,374
Austria,Poland,6982
Austria,Romania,6424
Austria,Romania,8410
Austria,Russian Federation,46
Austria,Serbia,175
Austria,Serbia,4519
Austria,Slovakia,121634
Austria,Slovakia,1704
Austria,Slovenia,1085
Austria,Slovenia,22085
Austria,Spain,3
Austria,Switzerland,103
Austria,Switzerland,39357
Austria,The former Yugoslav Republic of Macedonia,2401
Austria,Turkey,1
Austria,Turkey,41
Austria,Uganda,0
Austria,Ukraine,72
Austria,Ukraine,261
Austria,United States of America,0
Azerbaijan,Germany,28
Azerbaijan,Iran (Islamic Republic of),11283
Azerbaijan,Kazakhstan,675278
Azerbaijan,Russian Federation,359075
Azerbaijan,Turkey,84
Azerbaijan,Uzbekistan,120823
Bahrain,Argentina,40198
Bahrain,Australia,32261
Bahrain,Belgium,0
Bahrain,Canada,10999
Bahrain,France,1
Bahrain,Germany,0
Bahrain,India,18
Bahrain,Italy,0
Bahrain,Paraguay,4000
Bahrain,Qatar,14
Bahrain,Russian Federation,9054
Bahrain,Saudi Arabia,2
Bahrain,Saudi Arabia,2201
Bahrain,Syrian Arab Republic,1
Bahrain,United Arab Emirates,56
Bahrain,United States of America,0
Barbados,United States of America,21480
Barbados,United States of America,21
Belarus,France,10
Belarus,Germany,5
Belarus,Italy,0
Belarus,Kazakhstan,4999
Belarus,Poland,18
Belarus,Russian Federation,11827
Belarus,Russian Federation,377
Belarus,Ukraine,1083
Belgium,Austria,141
Belgium,Austria,2377
Belgium,Bahrain,0
Belgium,Benin,0
Belgium,Bulgaria,47
Belgium,Cabo Verde,0
Belgium,Canada,151341
Belgium,"China, Taiwan Province of",105
Belgium,Cyprus,6
Belgium,Czechia,272
Belgium,Democratic Republic of the Congo,0
Belgium,Denmark,2222
Belgium,Denmark,35
Belgium,Finland,104
Belgium,France,1749887
Belgium,France,92148
Belgium,Germany,887474
Belgium,Germany,156758
Belgium,Greece,4872
Belgium,Greece,5396
Belgium,Iceland,140
Belgium,India,0
Belgium,Ireland,5
Belgium,Israel,0
Belgium,Italy,6250
Belgium,Italy,13719
Belgium,Japan,509
Belgium,Kazakhstan,4891
Belgium,Lebanon,1
Belgium,Lithuania,0
Belgium,Luxembourg,6514
Belgium,Luxembourg,776
Belgium,Netherlands,360847
Belgium,Netherlands,250599
Belgium,Norway,6405
Belgium,Poland,6604
Belgium,Poland,1
Belgium,Portugal,4
Belgium,Portugal,17
Belgium,Romania,3
Belgium,Romania,6
Belgium,Russian Federation,4639
Belgium,Seychelles,0
Belgium,Slovenia,5
Belgium,Spain,35215
Belgium,Spain,3530
Belgium,Sweden,2472
Belgium,Sweden,7571
Belgium,Switzerland,941
Belgium,Thailand,0
Belgium,Turkey,49
Belgium,Ukraine,47
Belgium,United Arab Emirates,49
Belgium,United Kingdom,64570
Belgium,United Kingdom,36384
Belgium,United States of America,89168
Belize,Guatemala,200
Belize,United States of America,13748
Bolivia (Plurinational State of),Argentina,80008
Bolivia (Plurinational State of),Brazil,2
Bolivia (Plurinational State of),Netherlands,0
Bolivia (Plurinational State of),United States of America,268
Bosnia and Herzegovina,Austria,28
Bosnia and Herzegovina,Bulgaria,25
Bosnia and Herzegovina,"China, mainland",0
Bosnia and Herzegovina,Croatia,84129
Bosnia and Herzegovina,France,360
Bosnia and Herzegovina,Germany,0
Bosnia and Herzegovina,Hungary,185998
Bosnia and Herzegovina,Montenegro,854
Bosnia and Herzegovina,Netherlands,0
Bosnia and Herzegovina,Serbia,73520
Bosnia and Herzegovina,Serbia,27
Bosnia and Herzegovina,Slovenia,113
Bosnia and Herzegovina,Switzerland,0
Bosnia and Herzegovina,Syrian Arab Republic,0
Bosnia and Herzegovina,Turkey,933
Botswana,Malawi,0
Botswana,Namibia,260
Botswana,South Africa,56254
Botswana,South Africa,145
Botswana,Zimbabwe,31
Brazil,Algeria,705548
Brazil,Angola,18
Brazil,Argentina,4546380
Brazil,Argentina,0
Brazil,Bangladesh,135332
Brazil,Belgium,1
Brazil,Bolivia (Plurinational State of),18
Brazil,Cabo Verde,0
Brazil,Canada,39488
Brazil,Canada,100
Brazil,Chile,4
Brazil,"China, mainland",18000
Brazil,Congo,8100
Brazil,Egypt,185952
Brazil,Ethiopia,16005
Brazil,France,50
Brazil,Germany,1
Brazil,Germany,1
Brazil,Indonesia,22500
Brazil,Israel,27500
Brazil,Italy,1
Brazil,Kenya,158952
Brazil,Lebanon,25
Brazil,Libya,112428
Brazil,Mali,8800
Brazil,Morocco,85801
Brazil,Mozambique,41780
Brazil,Nigeria,35020
Brazil,Oman,19350
Brazil,Paraguay,363816
Brazil,Paraguay,166
Brazil,Portugal,8
Brazil,Republic of Korea,300
Brazil,Saudi Arabia,89160
Brazil,South Africa,90851
Brazil,Sri Lanka,21300
Brazil,Sudan (former),33991
Brazil,Suriname,0
Brazil,Syrian Arab Republic,26500
Brazil,Tunisia,178699
Brazil,Turkey,154047
Brazil,United Arab Emirates,61490
Brazil,United Kingdom,1
Brazil,United Republic of Tanzania,2000
Brazil,United States of America,104248
Brazil,United States of America,2
Brazil,Uruguay,686494
Brazil,Uruguay,28
Brazil,Yemen,110920
Bulgaria,Albania,101
Bulgaria,Algeria,4113
Bulgaria,Austria,3456
Bulgaria,Belgium,6
Bulgaria,Belgium,34
Bulgaria,Bosnia and Herzegovina,25
Bulgaria,Cyprus,647
Bulgaria,Cyprus,27069
Bulgaria,Czechia,765
Bulgaria,Czechia,816
Bulgaria,Denmark,21
Bulgaria,Djibouti,5014
Bulgaria,Ethiopia,36457
Bulgaria,Finland,62
Bulgaria,France,290
Bulgaria,France,6381
Bulgaria,Germany,33
Bulgaria,Germany,3658
Bulgaria,Greece,703
Bulgaria,Greece,304552
Bulgaria,Hungary,2269
Bulgaria,Hungary,23
Bulgaria,Israel,17494
Bulgaria,Italy,55
Bulgaria,Italy,413603
Bulgaria,Kazakhstan,3001
Bulgaria,Malta,3291
Bulgaria,Netherlands,0
Bulgaria,Netherlands,667
Bulgaria,Poland,0
Bulgaria,Portugal,62288
Bulgaria,Republic of Korea,3077
Bulgaria,Republic of Moldova,21
Bulgaria,Romania,12027
Bulgaria,Romania,279043
Bulgaria,Serbia,431
Bulgaria,Serbia,2805
Bulgaria,Slovakia,46
Bulgaria,Slovakia,2493
Bulgaria,Slovenia,479
Bulgaria,Slovenia,78
Bulgaria,Spain,879769
Bulgaria,Sweden,170
Bulgaria,The former Yugoslav Republic of Macedonia,28616
Bulgaria,Tunisia,7150
Bulgaria,Turkey,48315
Bulgaria,Ukraine,2975
Burkina Faso,Argentina,6747
Burkina Faso,Canada,3662
Burkina Faso,Côte d'Ivoire,2
Burkina Faso,France,45902
Burkina Faso,Mali,9
Burkina Faso,Paraguay,2050
Burkina Faso,Togo,1
Cabo Verde,Argentina,4500
Cabo Verde,Brazil,1
Cabo Verde,France,17669
Cabo Verde,Spain,0
Cabo Verde,Unspecified Area,0
Cambodia,Australia,12885
Cambodia,Belgium,15
Cambodia,"China, Taiwan Province of",1294
Cambodia,France,120
Cambodia,Viet Nam,1430
Cameroon,Argentina,30760
Cameroon,Canada,58125
Cameroon,Côte d'Ivoire,0
Cameroon,France,313128
Cameroon,Lebanon,1
Cameroon,United States of America,14911
Canada,Algeria,162771
Canada,Argentina,1
Canada,Argentina,11000
Canada,Australia,0
Canada,Austria,0
Canada,Bahrain,27500
Canada,Bangladesh,913706
Canada,Belgium,0
Canada,Belgium,236416
Canada,Brazil,30001
Canada,Cameroon,46626
Canada,Canada,0
Canada,Chile,14
Canada,Chile,154000
Canada,"China, Macao SAR",8
Canada,"China, mainland",12
Canada,"China, mainland",172250
Canada,"China, Taiwan Province of",3650
Canada,Colombia,606464
Canada,Costa Rica,41486
Canada,Côte d'Ivoire,14801
Canada,Cuba,204049
Canada,Dominican Republic,8599
Canada,Ecuador,424229
Canada,Egypt,174230
Canada,Finland,146
Canada,France,0
Canada,France,24
Canada,Germany,29
Canada,Germany,38748
Canada,Ghana,0
Canada,Ghana,321771
Canada,Greece,1
Canada,Guatemala,7700
Canada,Guyana,48265
Canada,Iceland,584
Canada,India,0
Canada,Indonesia,851388
Canada,Iraq,157502
Canada,Israel,810
Canada,Italy,0
Canada,Italy,972224
Canada,Jamaica,18745
Canada,Japan,1341503
Canada,Kazakhstan,0
Canada,Kenya,0
Canada,Kenya,48300
Canada,Lebanon,6
Canada,Malaysia,65166
Canada,Mexico,0
Canada,Mexico,821601
Canada,Morocco,383826
Canada,Namibia,8500
Canada,Netherlands,1
Canada,Netherlands,34093
Canada,New Zealand,15
Canada,New Zealand,496
Canada,Nigeria,136850
Canada,Norway,204
Canada,Pakistan,22434
Canada,Peru,473938
Canada,Philippines,127686
Canada,Portugal,20896
Canada,Republic of Korea,1354009
Canada,Saudi Arabia,571749
Canada,Senegal,22849
Canada,Singapore,12
Canada,South Africa,197271
Canada,Spain,18582
Canada,Sri Lanka,736202
Canada,Sudan (former),349263
Canada,Sweden,0
Canada,Switzerland,112943
Canada,Syrian Arab Republic,0
Canada,Thailand,337750
Canada,Togo,23501
Canada,Trinidad and Tobago,21
Canada,Tunisia,99850
Canada,Turkey,48108
Canada,Uganda,2227
Canada,United Arab Emirates,228291
Canada,United Kingdom,0
Canada,United Kingdom,311977
Canada,United Republic of Tanzania,31846
Canada,United States of America,64279
Canada,United States of America,1924848
Canada,Venezuela (Bolivarian Republic of),815603
Canada,Viet Nam,12908
Chile,Argentina,75193
Chile,Canada,163792
Chile,Canada,5
Chile,Denmark,1
Chile,France,1
Chile,Israel,0
Chile,Mexico,0
Chile,Peru,3
Chile,Peru,102
Chile,Sweden,2
Chile,United Kingdom,0
Chile,United States of America,416539
Chile,United States of America,0
"China, Hong Kong SAR",Australia,538
"China, Hong Kong SAR","China, Taiwan Province of",11
"China, Hong Kong SAR",Pakistan,47
"China, Hong Kong SAR",United States of America,2182
"China, Macao SAR",Australia,1
"China, Macao SAR",Canada,2
"China, Macao SAR","China, mainland",1
"China, Macao SAR",United States of America,0
"China, mainland",Australia,637075
"China, mainland",Canada,172250
"China, mainland",Ethiopia,24533
"China, mainland",Germany,0
"China, mainland",Italy,0
"China, mainland",Kazakhstan,4620
"China, mainland",Kenya,5534
"China, mainland",Mexico,0
"China, mainland",Pakistan,5
"China, mainland",United States of America,434878
"China, mainland",Zimbabwe,9723
"China, Taiwan Province of",Australia,291360
"China, Taiwan Province of",Australia,0
"China, Taiwan Province of",Belgium,121
"China, Taiwan Province of",Canada,3065
"China, Taiwan Province of","China, Hong Kong SAR",10
"China, Taiwan Province of",France,625
"China, Taiwan Province of",French Polynesia,0
"China, Taiwan Province of",Germany,0
"China, Taiwan Province of",India,15757
"China, Taiwan Province of",Pakistan,8285
"China, Taiwan Province of",Philippines,3
"China, Taiwan Province of",Republic of Moldova,967
"China, Taiwan Province of",Russian Federation,2064
"China, Taiwan Province of",Ukraine,14405
"China, Taiwan Province of",United States of America,1024035
"China, Taiwan Province of",United States of America,1
"China, Taiwan Province of",Viet Nam,0
Colombia,Argentina,196000
Colombia,Canada,576605
Colombia,Lebanon,11
Colombia,Panama,0
Colombia,Paraguay,60435
Colombia,United Kingdom,1700
Colombia,United States of America,700337
Costa Rica,Canada,41486
Costa Rica,El Salvador,1
Costa Rica,Guatemala,0
Costa Rica,Mexico,8900
Costa Rica,Nicaragua,0
Costa Rica,Panama,0
Costa Rica,Panama,0
Costa Rica,United Kingdom,0
Costa Rica,United States of America,174591
Côte d'Ivoire,Canada,18659
Côte d'Ivoire,France,417893
Côte d'Ivoire,Italy,17428
Côte d'Ivoire,Lebanon,1
Côte d'Ivoire,Unspecified Area,0
Croatia,Albania,4348
Croatia,Austria,40
Croatia,Bosnia and Herzegovina,83648
Croatia,Canada,1
Croatia,"China, mainland",5
Croatia,Czechia,4
Croatia,France,0
Croatia,Germany,21
Croatia,Honduras,12
Croatia,Honduras,2302
Croatia,Hungary,191
Croatia,Hungary,1
Croatia,India,0
Croatia,Israel,0
Croatia,Italy,9329
Croatia,Netherlands,6
Croatia,Romania,70
Croatia,Serbia,476
Croatia,Serbia,169
Croatia,Slovenia,30
Croatia,Slovenia,402
Croatia,The former Yugoslav Republic of Macedonia,8371
Croatia,Turkey,79
Croatia,Ukraine,0
Croatia,United States of America,5
Cyprus,Bulgaria,27069
Cyprus,France,45764
Cyprus,Germany,0
Cyprus,Greece,181
Cyprus,Italy,2
Cyprus,Kazakhstan,10425
Cyprus,Romania,17354
Cyprus,Russian Federation,2998
Cyprus,United Kingdom,0
Cyprus,United Kingdom,36
Cyprus,United States of America,0
Czechia,Austria,345
Czechia,Austria,76865
Czechia,Belarus,0
Czechia,Belgium,190
Czechia,Bulgaria,786
Czechia,Croatia,4
Czechia,Denmark,14
Czechia,Finland,7
Czechia,France,7
Czechia,France,5
Czechia,Germany,3844
Czechia,Germany,941729
Czechia,Hungary,495
Czechia,Hungary,2898
Czechia,Italy,36
Czechia,Italy,23698
Czechia,Lithuania,43
Czechia,Luxembourg,1187
Czechia,Netherlands,14
Czechia,Netherlands,380
Czechia,Poland,3257
Czechia,Poland,244467
Czechia,Portugal,280
Czechia,Romania,145
Czechia,Russian Federation,129
Czechia,Serbia,24
Czechia,Serbia,44
Czechia,Slovakia,19603
Czechia,Slovakia,118043
Czechia,Slovenia,1328
Czechia,Switzerland,2
Czechia,Switzerland,2455
Czechia,Ukraine,186
Czechia,United Kingdom,0
Denmark,Australia,0
Denmark,Austria,52
Denmark,Belgium,22
Denmark,"China, mainland",0
Denmark,Czechia,14
Denmark,Egypt,1
Denmark,Estonia,7840
Denmark,Estonia,17
Denmark,Faroe Islands,0
Denmark,Finland,6299
Denmark,Finland,3434
Denmark,France,19890
Denmark,France,36514
Denmark,Germany,68950
Denmark,Germany,265787
Denmark,Greenland,0
Denmark,Iceland,6857
Denmark,Ireland,27
Denmark,Ireland,32514
Denmark,Italy,6556
Denmark,Italy,43502
Denmark,Kazakhstan,3658
Denmark,Latvia,28608
Denmark,Latvia,624
Denmark,Lithuania,45533
Denmark,Lithuania,279
Denmark,Netherlands,6440
Denmark,Netherlands,180425
Denmark,Norway,0
Denmark,Norway,15416
Denmark,Poland,3634
Denmark,Poland,36058
Denmark,Portugal,12250
Denmark,Russian Federation,1015
Denmark,Spain,150710
Denmark,Sweden,126053
Denmark,Sweden,82856
Denmark,Turkey,1
Denmark,Ukraine,20
Denmark,United Kingdom,29951
Denmark,United Kingdom,19661
Denmark,United States of America,0
Ecuador,Argentina,4761
Ecuador,Canada,432262
Ecuador,Russian Federation,10250
Ecuador,United States of America,101224
Ecuador,Unspecified Area,17027
Egypt,Argentina,374933
Egypt,Australia,947185
Egypt,Australia,0
Egypt,Belarus,4343
Egypt,Brazil,76443
Egypt,Canada,250645
Egypt,France,1023039
Egypt,Germany,4
Egypt,Israel,4
Egypt,Jordan,1332
Egypt,Libya,19
Egypt,Lithuania,15474
Egypt,Morocco,1
Egypt,Qatar,3
Egypt,Republic of Moldova,3294
Egypt,Romania,165635
Egypt,Russian Federation,3777012
Egypt,Saudi Arabia,1144
Egypt,Sudan (former),91
Egypt,Syrian Arab Republic,2
Egypt,Thailand,1
Egypt,Ukraine,390818
Egypt,United Arab Emirates,7
Egypt,United Kingdom,1
Egypt,United States of America,2771233
Egypt,Unspecified Area,63
El Salvador,Guatemala,5
El Salvador,Nicaragua,89
El Salvador,United States of America,243756
Estonia,Denmark,9
Estonia,Denmark,3777
Estonia,Finland,6717
Estonia,Finland,4305
Estonia,Germany,3
Estonia,Germany,36107
Estonia,Italy,0
Estonia,Kazakhstan,70
Estonia,Latvia,1553
Estonia,Latvia,7236
Estonia,Lithuania,1010
Estonia,Lithuania,67
Estonia,Netherlands,2839
Estonia,Poland,24
Estonia,Spain,9478
Estonia,Sweden,1
Estonia,Sweden,6406
Estonia,Turkey,0
Ethiopia,Australia,3044
Ethiopia,Brazil,23755
Ethiopia,Bulgaria,41470
Ethiopia,"China, mainland",25978
Ethiopia,Germany,1764
Ethiopia,India,20
Ethiopia,Italy,74736
Ethiopia,Japan,1056
Ethiopia,Mexico,0
Ethiopia,Pakistan,33005
Ethiopia,Russian Federation,582895
Ethiopia,Somalia,1000
Ethiopia,United Arab Emirates,0
Ethiopia,United States of America,290579
Fiji,Australia,102535
Fiji,New Zealand,363
Finland,Belgium,2
Finland,Canada,40
Finland,Czechia,7
Finland,Denmark,15636
Finland,Estonia,3
Finland,Estonia,8832
Finland,France,3221
Finland,Germany,8
Finland,Germany,57628
Finland,Hungary,0
Finland,Iceland,11
Finland,Italy,47
Finland,Italy,15948
Finland,Kazakhstan,505
Finland,Latvia,126
Finland,Luxembourg,2
Finland,Netherlands,3524
Finland,Netherlands,1
Finland,Norway,8507
Finland,Poland,2428
Finland,Russian Federation,40
Finland,Saudi Arabia,33460
Finland,Spain,48263
Finland,Sweden,92
Finland,Sweden,183
Finland,United Kingdom,0
Finland,United Kingdom,3300
France,Afghanistan,47
France,Albania,93762
France,Algeria,5772195
France,Angola,0
France,Argentina,383
France,Argentina,12
France,Armenia,3
France,Australia,0
France,Austria,1201
France,Austria,1023
France,Belarus,10
France,Belgium,48162
France,Belgium,1535218
France,Benin,24700
France,Bosnia and Herzegovina,3010
France,Brazil,0
France,Bulgaria,3947
France,Bulgaria,42
France,Burkina Faso,43402
France,Cabo Verde,12719
France,Cameroon,311887
France,Canada,1
France,Chile,0
France,Chile,1
France,"China, mainland",3000
France,"China, Taiwan Province of",3
France,"China, Taiwan Province of",521
France,Comoros,0
France,Congo,63200
France,Côte d'Ivoire,414455
France,Croatia,2500
France,Cuba,554042
France,Cyprus,62194
France,Czechia,2
France,Czechia,718
France,Democratic Republic of the Congo,144403
France,Denmark,7660
France,Denmark,10162
France,Egypt,908097
France,Equatorial Guinea,0
France,Estonia,17
France,Finland,3205
France,Gabon,94400
France,Germany,213539
France,Germany,804988
France,Ghana,68845
France,Greece,252050
France,Guinea,35682
France,Hungary,2113
France,Hungary,157
France,Iceland,250
France,India,1
France,Ireland,36002
France,Israel,35228
France,Italy,58023
France,Italy,2091188
France,Japan,3863
France,Kazakhstan,0
France,Latvia,7076
France,Latvia,24
France,Lebanon,23202
France,Libya,178469
France,Lithuania,316
France,Lithuania,11
France,Luxembourg,8482
France,Luxembourg,67352
France,Madagascar,25800
France,Malaysia,0
France,Mali,85671
France,Malta,14757
France,Mauritania,130616
France,Mauritius,72500
France,Mayotte,38
France,Mexico,0
France,Montenegro,7900
France,Morocco,0
France,Morocco,2326294
France,Netherlands,36066
France,Netherlands,1289349
France,New Caledonia,205
France,New Zealand,0
France,Nigeria,75450
France,Norway,5817
France,Poland,13480
France,Poland,15285
France,Portugal,610295
France,Republic of Korea,2
France,Republic of Moldova,1
France,Romania,205
France,Romania,3535
France,Russian Federation,302
France,Saint Pierre and Miquelon,0
France,Saudi Arabia,1
France,Senegal,345849
France,Serbia,0
France,Serbia,14579
France,Slovakia,164
France,Slovenia,78
France,Spain,56739
France,Spain,798530
France,Suriname,5275
France,Sweden,19196
France,Switzerland,16
France,Switzerland,99399
France,Syrian Arab Republic,46130
France,The former Yugoslav Republic of Macedonia,21
France,Togo,48957
France,Tunisia,233743
France,Turkey,52876
France,Ukraine,253
France,Ukraine,1
France,United Kingdom,61741
France,United Kingdom,135049
France,United States of America,0
France,United States of America,193
France,Unspecified Area,0
France,Uruguay,3
France,Vanuatu,0
France,Viet Nam,0
France,Wallis and Futuna Islands,0
France,Yemen,225824
French Polynesia,Australia,184
French Polynesia,Brazil,0
French Polynesia,Canada,0
French Polynesia,"China, Taiwan Province of",0
French Polynesia,France,1
French Polynesia,Italy,0
French Polynesia,United States of America,774
Gambia,Lebanon,1
Gambia,Singapore,1
Gambia,Spain,0
Gambia,United Arab Emirates,0
Gambia,United States of America,1
Georgia,Armenia,0
Georgia,Armenia,19719
Georgia,British Virgin Islands,2942
Georgia,Germany,15
Georgia,Hungary,2890
Georgia,Italy,21
Georgia,Kazakhstan,184693
Georgia,Russian Federation,274513
Georgia,Serbia,4936
Georgia,Slovakia,19
Georgia,Turkey,2176
Georgia,Ukraine,138135
Georgia,Ukraine,0
Georgia,Uzbekistan,13578
Germany,Albania,8051
Germany,Argentina,101
Germany,Austria,103751
Germany,Austria,111496
Germany,Azerbaijan,58
Germany,Bahrain,6
Germany,Bangladesh,45687
Germany,Belarus,0
Germany,Belgium,137153
Germany,Belgium,926583
Germany,Bulgaria,1979
Germany,Bulgaria,7
Germany,Canada,62969
Germany,"China, mainland",0
Germany,Congo,8500
Germany,Croatia,33
Germany,Cyprus,0
Germany,Czechia,1170347
Germany,Czechia,704
Germany,Democratic Republic of the Congo,8380
Germany,Denmark,222870
Germany,Denmark,30226
Germany,Eritrea,50058
Germany,Estonia,34772
Germany,Estonia,5
Germany,Finland,62121
Germany,Finland,7
Germany,France,744756
Germany,France,234537
Germany,Georgia,15
Germany,Ghana,0
Germany,Greece,2801
Germany,Greece,3632
Germany,Hungary,90883
Germany,Hungary,8202
Germany,Iceland,12303
Germany,India,0
Germany,Iran (Islamic Republic of),0
Germany,Iran (Islamic Republic of),1
Germany,Ireland,11930
Germany,Israel,51551
Germany,Italy,45648
Germany,Italy,326876
Germany,Japan,90
Germany,Jordan,157201
Germany,Kazakhstan,1
Germany,Kuwait,1
Germany,Latvia,49685
Germany,Latvia,3508
Germany,Libya,24430
Germany,Lithuania,133850
Germany,Lithuania,373
Germany,Luxembourg,2584
Germany,Luxembourg,6823
Germany,Mongolia,0
Germany,Morocco,67712
Germany,Mozambique,47004
Germany,Netherlands,560221
Germany,Netherlands,1664087
Germany,New Zealand,0
Germany,Nigeria,29000
Germany,Norway,224936
Germany,Poland,639815
Germany,Poland,147652
Germany,Portugal,39321
Germany,Republic of Moldova,1
Germany,Romania,10535
Germany,Romania,1258
Germany,Russian Federation,4002
Germany,Russian Federation,192
Germany,Saudi Arabia,344499
Germany,Serbia,0
Germany,Slovakia,79400
Germany,Slovakia,488
Germany,Slovenia,404
Germany,South Africa,206147
Germany,Spain,5612
Germany,Spain,121415
Germany,Sudan (former),688540
Germany,Sweden,47405
Germany,Sweden,43735
Germany,Switzerland,57
Germany,Switzerland,185273
Germany,Syrian Arab Republic,0
Germany,Turkey,21
Germany,Turkey,145406
Germany,Uganda,48400
Germany,Ukraine,23091
Germany,Ukraine,877
Germany,United Arab Emirates,2821
Germany,United Kingdom,153242
Germany,United Kingdom,128450
Germany,United States of America,21288
Ghana,Australia,0
Ghana,Canada,227061
Ghana,Côte d'Ivoire,39
Ghana,France,97830
Ghana,Lebanon,1
Ghana,Liberia,93
Ghana,Netherlands,0
Ghana,Nigeria,0
Ghana,United Arab Emirates,5
Greece,Albania,348
Greece,Austria,4750
Greece,Belgium,25
Greece,Belgium,5287
Greece,Bulgaria,200743
Greece,Bulgaria,458
Greece,Cyprus,49828
Greece,Cyprus,464
Greece,France,235965
Greece,Germany,18043
Greece,Germany,2808
Greece,Hungary,66029
Greece,Italy,6356
Greece,Italy,286601
Greece,Kazakhstan,68808
Greece,Malta,53
Greece,Nigeria,18470
Greece,Poland,12507
Greece,Romania,87341
Greece,Romania,447
Greece,Russian Federation,156016
Greece,Serbia,11191
Greece,Sweden,0
Greece,The former Yugoslav Republic of Macedonia,3003
Greece,Tunisia,18154
Greece,Turkey,6018
Greece,Ukraine,12454
Greece,United Kingdom,8888
Greece,United States of America,4
Greece,Unspecified Area,23
Guatemala,Belize,200
Guatemala,Canada,8329
Guatemala,El Salvador,1
Guatemala,Germany,0
Guatemala,Honduras,0
Guatemala,Mexico,38580
Guatemala,United States of America,469998
Guatemala,United States of America,0
Guyana,Canada,29123
Hungary,Albania,1050
Hungary,Austria,10593
Hungary,Austria,175339
Hungary,Bosnia and Herzegovina,186102
Hungary,Bulgaria,1464
Hungary,Croatia,1
Hungary,Croatia,302
Hungary,Cyprus,2943
Hungary,Czechia,1730
Hungary,Czechia,6256
Hungary,France,86
Hungary,France,3750
Hungary,Germany,14105
Hungary,Germany,94698
Hungary,Greece,72320
Hungary,Israel,6305
Hungary,Italy,89
Hungary,Italy,348429
Hungary,Malta,2010
Hungary,Montenegro,0
Hungary,Netherlands,758
Hungary,Poland,2041
Hungary,Poland,92967
Hungary,Romania,6288
Hungary,Romania,130475
Hungary,Serbia,87
Hungary,Serbia,1946
Hungary,Slovakia,31105
Hungary,Slovakia,36739
Hungary,Slovenia,2
Hungary,Slovenia,77940
Hungary,Switzerland,0
Hungary,Switzerland,1954
Hungary,The former Yugoslav Republic of Macedonia,3470
Hungary,Turkey,2
Iceland,Belgium,200
Iceland,Canada,526
Iceland,Denmark,17886
Iceland,Faroe Islands,6
Iceland,Finland,10
Iceland,France,250
Iceland,Germany,5720
Iceland,Netherlands,180
Iceland,Russian Federation,1205
Iceland,Sweden,7889
Iceland,United Kingdom,2275
India,Australia,25
India,Australia,9
India,Bahrain,13
India,Bangladesh,222590
India,Brunei Darussalam,3
India,Canada,0
India,"China, Hong Kong SAR",3
India,"China, Taiwan Province of",22556
India,Djibouti,25000
India,Ethiopia,20
India,Guinea,0
India,Indonesia,2372
India,Israel,200
India,Jordan,125
India,Kuwait,286
India,Malaysia,15781
India,Myanmar,493
India,Nepal,387
India,New Zealand,0
India,Nigeria,87
India,Oman,35400
India,Pakistan,38944
India,Philippines,719
India,Qatar,13100
India,Saudi Arabia,360
India,Seychelles,45
India,Singapore,36
India,Sri Lanka,16829
India,Sudan (former),950
India,Thailand,42981
India,Uganda,17
India,United Arab Emirates,41772
India,United Kingdom,407
India,United Republic of Tanzania,1
India,United States of America,21
India,Viet Nam,16933
India,Yemen,1461
Indonesia,Australia,3737762
Indonesia,Brazil,22500
Indonesia,Canada,982156
Indonesia,India,1791
Indonesia,Japan,0
Indonesia,Lithuania,27505
Indonesia,Malaysia,0
Indonesia,Pakistan,29522
Indonesia,Republic of Korea,95
Indonesia,Romania,33000
Indonesia,Russian Federation,5410
Indonesia,Thailand,0
Indonesia,Turkey,14164
Indonesia,Ukraine,3038
Indonesia,United States of America,747917
Iran (Islamic Republic of),Unspecified Area,71005
Iran (Islamic Republic of),Unspecified Area,45873
Ireland,Belgium,26
Ireland,Brazil,1
Ireland,Denmark,20219
Ireland,France,22184
Ireland,Germany,7279
Ireland,Italy,81
Ireland,Netherlands,11991
Ireland,Poland,9149
Ireland,United Kingdom,146547
Ireland,United Kingdom,120037
Ireland,United States of America,0
Israel,Argentina,119
Israel,Australia,13500
Israel,Australia,18
Israel,Austria,15759
Israel,Austria,42
Israel,Belize,1510
Israel,British Virgin Islands,16707
Israel,Canada,1412
Israel,Cyprus,23153
Israel,Denmark,15426
Israel,France,72388
Israel,Germany,31833
Israel,Germany,80
Israel,Greece,6
Israel,Hungary,41
Israel,India,200
Israel,Italy,462
Israel,Italy,8
Israel,Jordan,136
Israel,Kazakhstan,13
Israel,Netherlands,200659
Israel,Panama,6920
Israel,Russian Federation,37781
Israel,Singapore,14351
Israel,Singapore,6
Israel,Spain,2
Israel,Switzerland,570987
Israel,Turkey,927
Israel,Ukraine,35477
Israel,United Kingdom,37915
Israel,United Kingdom,6
Israel,United States of America,452733
Israel,United States of America,17
Italy,Albania,2378
Italy,Algeria,104071
Italy,Argentina,61497
Italy,Australia,199707
Italy,Australia,1
Italy,Austria,408921
Italy,Austria,2767
Italy,Belgium,8851
Italy,Belgium,6529
Italy,Bulgaria,403409
Italy,Bulgaria,234
Italy,Canada,982519
Italy,Canada,1
Italy,Côte d'Ivoire,17428
Italy,Croatia,12533
Italy,Cyprus,535
Italy,Czechia,33261
Italy,Czechia,27
Italy,Denmark,43502
Italy,Denmark,4717
Italy,Estonia,0
Italy,Finland,16768
Italy,France,2094986
Italy,France,37319
Italy,Georgia,21
Italy,Germany,372978
Italy,Germany,31736
Italy,Greece,319343
Italy,Greece,3981
Italy,Hungary,375363
Italy,Hungary,948
Italy,Iraq,19
Italy,Ireland,162
Italy,Israel,10
Italy,Israel,436
Italy,Japan,2
Italy,Kazakhstan,44805
Italy,Latvia,20448
Italy,Latvia,0
Italy,Lebanon,135
Italy,Libya,42
Italy,Lithuania,53705
Italy,Malta,383
Italy,Mexico,163165
Italy,Morocco,56550
Italy,Netherlands,33334
Italy,Netherlands,23468
Italy,Poland,78
Italy,Poland,1
Italy,Portugal,3
Italy,Republic of Moldova,16567
Italy,Romania,137483
Italy,Romania,12070
Italy,Russian Federation,423953
Italy,Serbia,28631
Italy,Serbia,245
Italy,Slovakia,26630
Italy,Slovakia,376
Italy,Slovenia,10311
Italy,Slovenia,11
Italy,Spain,50418
Italy,Spain,383
Italy,Sweden,108
Italy,Sweden,51
Italy,Switzerland,6182
Italy,Tunisia,237070
Italy,Turkey,16139
Italy,Turkey,7150
Italy,Ukraine,241029
Italy,United Kingdom,48060
Italy,United Kingdom,12546
Italy,United States of America,672552
Italy,United States of America,34
Japan,Australia,1263782
Japan,Canada,1319299
Japan,France,3973
Japan,Germany,57
Japan,Italy,0
Japan,Peru,2
Japan,Russian Federation,16612
Japan,Turkey,200
Japan,United States of America,3610295
Jordan,France,1
Jordan,Lebanon,398
Jordan,Pakistan,338
Jordan,Qatar,2
Jordan,Republic of Moldova,6
Jordan,Romania,72500
Jordan,Russian Federation,205338
Jordan,Syrian Arab Republic,241
Jordan,Turkey,945
Jordan,Turkey,26
Jordan,Ukraine,52500
Jordan,United States of America,105398
Jordan,Unspecified Area,241
Kazakhstan,Afghanistan,82789
Kazakhstan,Albania,10351
Kazakhstan,Azerbaijan,556371
Kazakhstan,Belarus,1
Kazakhstan,Belarus,13515
Kazakhstan,Canada,0
Kazakhstan,"China, mainland",13465
Kazakhstan,Czechia,0
Kazakhstan,Egypt,171298
Kazakhstan,Finland,1440
Kazakhstan,France,0
Kazakhstan,Georgia,233607
Kazakhstan,Germany,8125
Kazakhstan,Greece,49764
Kazakhstan,Iran (Islamic Republic of),40203
Kazakhstan,Israel,20
Kazakhstan,Italy,19016
Kazakhstan,Kyrgyzstan,269484
Kazakhstan,Latvia,15025
Kazakhstan,Lithuania,1708
Kazakhstan,Malaysia,700
Kazakhstan,Netherlands,3000
Kazakhstan,Poland,2630
Kazakhstan,Russian Federation,15374
Kazakhstan,Russian Federation,118714
Kazakhstan,Sweden,34388
Kazakhstan,Tajikistan,452636
Kazakhstan,Turkey,4
Kazakhstan,Turkey,190184
Kazakhstan,Turkmenistan,195
Kazakhstan,Ukraine,14311
Kazakhstan,United Arab Emirates,68975
Kazakhstan,United Kingdom,25547
Kazakhstan,United States of America,6039
Kazakhstan,Uzbekistan,487522
Kazakhstan,Viet Nam,480
Kyrgyzstan,Germany,3
Kyrgyzstan,Kazakhstan,289883
Kyrgyzstan,Russian Federation,4
Kyrgyzstan,Turkey,6
Latvia,Belgium,5966
Latvia,Canada,0
Latvia,Denmark,4470
Latvia,Denmark,32509
Latvia,Estonia,3454
Latvia,Estonia,1554
Latvia,Faroe Islands,8674
Latvia,France,0
Latvia,Germany,14108
Latvia,Germany,60164
Latvia,Italy,23467
Latvia,Libya,20024
Latvia,Lithuania,84228
Latvia,Lithuania,70200
Latvia,Netherlands,39555
Latvia,Norway,9958
Latvia,Poland,12
Latvia,Russian Federation,6111
Latvia,Saudi Arabia,65315
Latvia,Spain,76905
Latvia,Sweden,169
Latvia,Sweden,23489
Latvia,Turkey,27499
Latvia,United Kingdom,3386
Lebanon,Angola,0
Lebanon,Australia,24457
Lebanon,Bahrain,0
Lebanon,Benin,0
Lebanon,Cameroon,0
Lebanon,Canada,0
Lebanon,Congo,2
Lebanon,Côte d'Ivoire,0
Lebanon,Equatorial Guinea,0
Lebanon,France,23273
Lebanon,France,0
Lebanon,Germany,0
Lebanon,Ghana,0
Lebanon,Guinea,0
Lebanon,Iraq,70
Lebanon,Italy,138
Lebanon,Jordan,692
Lebanon,Kazakhstan,13976
Lebanon,Kuwait,12
Lebanon,Liberia,0
Lebanon,Malawi,0
Lebanon,Mauritania,0
Lebanon,Netherlands,0
Lebanon,Nigeria,1
Lebanon,Qatar,2
Lebanon,Republic of Moldova,3181
Lebanon,Romania,12978
Lebanon,Russian Federation,212397
Lebanon,Saudi Arabia,1
Lebanon,Senegal,0
Lebanon,Sweden,0
Lebanon,Syrian Arab Republic,2861
Lebanon,Turkey,3600
Lebanon,Ukraine,86437
Lebanon,United Arab Emirates,3
Lebanon,United States of America,67782
Lebanon,Unspecified Area,1500
Lithuania,Austria,2
Lithuania,Belgium,30661
Lithuania,"China, Taiwan Province of",1041
Lithuania,Czechia,43
Lithuania,Denmark,59
Lithuania,Denmark,22284
Lithuania,Egypt,23474
Lithuania,Estonia,67
Lithuania,Estonia,802
Lithuania,Faroe Islands,4582
Lithuania,Finland,48
Lithuania,Finland,3217
Lithuania,France,4971
Lithuania,Germany,146
Lithuania,Germany,115746
Lithuania,Indonesia,27300
Lithuania,Italy,26207
Lithuania,Kazakhstan,6
Lithuania,Latvia,58539
Lithuania,Latvia,94035
Lithuania,Malawi,22899
Lithuania,Malaysia,3470
Lithuania,Mauritania,16500
Lithuania,Morocco,17449
Lithuania,Netherlands,49535
Lithuania,Nigeria,8118
Lithuania,Norway,10320
Lithuania,Poland,5328
Lithuania,Poland,11685
Lithuania,Portugal,4399
Lithuania,Romania,508
Lithuania,Russian Federation,256
Lithuania,Saudi Arabia,127941
Lithuania,South Africa,9000
Lithuania,Spain,59270
Lithuania,Sweden,49
Lithuania,Sweden,37116
Lithuania,Turkey,74645
Lithuania,United Kingdom,0
Lithuania,United States of America,0
Lithuania,Viet Nam,1532
Luxembourg,Belgium,4098
Luxembourg,Belgium,6517
Luxembourg,Denmark,0
Luxembourg,France,63166
Luxembourg,France,223
Luxembourg,Germany,7185
Luxembourg,Germany,3336
Luxembourg,Greece,1
Luxembourg,Italy,0
Luxembourg,Netherlands,2516
Luxembourg,Netherlands,6440
Luxembourg,Slovakia,1187
Luxembourg,Spain,1
Madagascar,Antigua and Barbuda,500
Madagascar,Argentina,250
Madagascar,"China, Hong Kong SAR",0
Madagascar,"China, mainland",0
Madagascar,France,10900
Madagascar,India,1
Madagascar,Pakistan,6
Madagascar,Tunisia,0
Madagascar,United Arab Emirates,1
Madagascar,United States of America,6403
Malawi,Argentina,5221
Malawi,Australia,19529
Malawi,"China, Hong Kong SAR",0
Malawi,"China, mainland",0
Malawi,Germany,5000
Malawi,India,24
Malawi,Kenya,0
Malawi,Russian Federation,6000
Malawi,South Africa,1
Malawi,South Africa,10069
Malawi,Switzerland,22900
Malawi,United Arab Emirates,1
Malawi,United States of America,76332
Malawi,Zimbabwe,1
Malawi,Zimbabwe,1120
Malaysia,Argentina,5151
Malaysia,Australia,675268
Malaysia,Canada,5836
Malaysia,"China, mainland",460
Malaysia,Denmark,245
Malaysia,India,10378
Malaysia,Indonesia,2088
Malaysia,Kenya,9
Malaysia,Lithuania,451
Malaysia,Nepal,10
Malaysia,Pakistan,42150
Malaysia,Panama,83
Malaysia,Romania,801
Malaysia,Russian Federation,3497
Malaysia,Singapore,197
Malaysia,Singapore,2476
Malaysia,South Africa,22
Malaysia,Turkey,546
Malaysia,Ukraine,8051
Malaysia,United States of America,388325
Malaysia,Viet Nam,982
Malaysia,Viet Nam,3130
Maldives,Australia,0
Maldives,Germany,0
Maldives,India,0
Maldives,Lebanon,0
Maldives,Singapore,0
Maldives,Sri Lanka,0
Maldives,Thailand,0
Maldives,Turkey,0
Maldives,United Arab Emirates,2
Malta,Bulgaria,3296
Malta,France,11945
Malta,Germany,2299
Malta,Greece,22
Malta,Hungary,2010
Malta,Italy,52
Malta,Latvia,7678
Malta,United Kingdom,35
Mauritania,Argentina,37512
Mauritania,France,178978
Mauritania,Netherlands,15879
Mauritania,Norway,120
Mauritania,Russian Federation,31504
Mauritania,Uruguay,22000
Mauritius,Australia,34762
Mauritius,France,72501
Mexico,Albania,0
Mexico,Algeria,483704
Mexico,Argentina,0
Mexico,Australia,0
Mexico,Azerbaijan,0
Mexico,Brazil,0
Mexico,Canada,905446
Mexico,Colombia,0
Mexico,Costa Rica,8800
Mexico,Egypt,0
Mexico,Ethiopia,0
Mexico,France,0
Mexico,Germany,0
Mexico,Guatemala,38580
Mexico,India,1
Mexico,Iran (Islamic Republic of),0
Mexico,Iran (Islamic Republic of),0
Mexico,Ireland,0
Mexico,Israel,0
Mexico,Italy,0
Mexico,Italy,215688
Mexico,Japan,0
Mexico,Kazakhstan,0
Mexico,Kenya,0
Mexico,Kenya,0
Mexico,Mongolia,0
Mexico,Nigeria,30833
Mexico,Norway,0
Mexico,Norway,0
Mexico,Pakistan,0
Mexico,Peru,13200
Mexico,Republic of Korea,0
Mexico,Spain,0
Mexico,Sudan (former),0
Mexico,Syrian Arab Republic,0
Mexico,Syrian Arab Republic,0
Mexico,Tunisia,0
Mexico,Turkey,0
Mexico,Turkey,0
Mexico,Ukraine,0
Mexico,United Kingdom,0
Mexico,United States of America,3142386
Mexico,United States of America,24099
Mexico,Venezuela (Bolivarian Republic of),21000
Mexico,Zimbabwe,0
Montenegro,Austria,1
Montenegro,Bosnia and Herzegovina,854
Montenegro,France,7099
Montenegro,Hungary,24
Montenegro,Serbia,19727
Montenegro,Slovenia,1
Montenegro,Unspecified Area,0
Nepal,"China, mainland",12
Nepal,India,812
Netherlands,Argentina,1194
Netherlands,Austria,5351
Netherlands,Austria,26
Netherlands,Belgium,216062
Netherlands,Belgium,152910
Netherlands,Brazil,0
Netherlands,Bulgaria,0
Netherlands,Canada,10183
Netherlands,Czechia,517
Netherlands,Czechia,222
Netherlands,Denmark,100816
Netherlands,Denmark,1492
Netherlands,Estonia,5000
Netherlands,Finland,6711
Netherlands,Finland,6825
Netherlands,France,1347968
Netherlands,France,2269
Netherlands,Germany,1138814
Netherlands,Germany,242868
Netherlands,Greece,25
Netherlands,Greece,0
Netherlands,Hungary,24
Netherlands,Iran (Islamic Republic of),2
Netherlands,Ireland,9938
Netherlands,Israel,0
Netherlands,Israel,29703
Netherlands,Italy,3963
Netherlands,Italy,83
Netherlands,Kazakhstan,18047
Netherlands,Latvia,3873
Netherlands,Lithuania,37382
Netherlands,Lithuania,10930
Netherlands,Luxembourg,6896
Netherlands,Luxembourg,2531
Netherlands,Montenegro,0
Netherlands,New Zealand,215
Netherlands,Norway,642
Netherlands,Peru,0
Netherlands,Poland,29797
Netherlands,Poland,36863
Netherlands,Portugal,46
Netherlands,Republic of Moldova,7212
Netherlands,Romania,42581
Netherlands,Romania,135
Netherlands,Russian Federation,68030
Netherlands,Singapore,2
Netherlands,Slovakia,286
Netherlands,Slovakia,27
Netherlands,Slovenia,1
Netherlands,Slovenia,8
Netherlands,South Africa,10
Netherlands,Spain,8307
Netherlands,Spain,20604
Netherlands,Suriname,0
Netherlands,Sweden,9748
Netherlands,Sweden,1301
Netherlands,Switzerland,0
Netherlands,Switzerland,222
Netherlands,Trinidad and Tobago,0
Netherlands,Ukraine,85671
Netherlands,United Kingdom,735180
Netherlands,United Kingdom,29800
Netherlands,United States of America,16523
New Caledonia,Australia,31991
New Caledonia,France,207
New Zealand,Australia,311103
New Zealand,Australia,25
New Zealand,Canada,471
New Zealand,Canada,4
New Zealand,"China, Hong Kong SAR",1
New Zealand,"China, Taiwan Province of",0
New Zealand,Cook Islands,2
New Zealand,Fiji,255
New Zealand,Finland,1
New Zealand,India,9
New Zealand,Japan,2
New Zealand,Lebanon,1
New Zealand,Malaysia,0
New Zealand,New Zealand,483
New Zealand,United Kingdom,1
Nicaragua,El Salvador,89
Nicaragua,Panama,0
Nicaragua,Russian Federation,25650
Nicaragua,United States of America,101378
Niger,Italy,2103
Niger,Nigeria,272
Niger,United States of America,5292
Norway,Belgium,3591
Norway,Brazil,450
Norway,Canada,2206
Norway,Denmark,23927
Norway,Estonia,2353
Norway,Faroe Islands,600
Norway,Finland,6238
Norway,France,5915
Norway,Germany,225732
Norway,Ireland,4002
Norway,Italy,8
Norway,Kazakhstan,42170
Norway,Latvia,6519
Norway,Lithuania,20060
Norway,Netherlands,194
Norway,Poland,17888
Norway,Russian Federation,14789
Norway,Serbia,202
Norway,Sweden,20692
Norway,Sweden,304
Norway,Switzerland,25
Norway,Turkey,14
Norway,Ukraine,533
Norway,United Kingdom,2940
Norway,United Kingdom,1
Norway,United States of America,9054
Oman,Australia,34878
Oman,Brazil,19350
Oman,India,22
Oman,Kuwait,24
Oman,Netherlands,16
Oman,Pakistan,16989
Oman,Qatar,24
Oman,Russian Federation,21934
Oman,Saudi Arabia,2060
Oman,United Arab Emirates,3817
Oman,United Arab Emirates,4113
Oman,United States of America,105572
Oman,Yemen,45
Pakistan,Afghanistan,50199
Pakistan,Australia,10
Pakistan,Bangladesh,733638
Pakistan,"China, Hong Kong SAR",72
Pakistan,"China, Taiwan Province of",8271
Pakistan,Djibouti,33000
Pakistan,Indonesia,33424
Pakistan,Italy,13722
Pakistan,Jordan,468
Pakistan,Kenya,293700
Pakistan,Madagascar,3148
Pakistan,Malaysia,61943
Pakistan,Myanmar,3005
Pakistan,Oman,18645
Pakistan,Philippines,49968
Pakistan,Qatar,70871
Pakistan,Saudi Arabia,2341
Pakistan,Singapore,6514
Pakistan,Somalia,150
Pakistan,South Africa,250
Pakistan,Sri Lanka,241993
Pakistan,Sudan (former),33000
Pakistan,United Republic of Tanzania,13051
Pakistan,United States of America,8119
Pakistan,Unspecified Area,0
Pakistan,Unspecified Area,181630
Pakistan,Viet Nam,10881
Pakistan,Yemen,237250
Panama,United States of America,136671
Paraguay,Argentina,0
Paraguay,Argentina,140
Paraguay,Brazil,93
Paraguay,Brazil,378538
Paraguay,Cayman Islands,391
Paraguay,Colombia,67005
Paraguay,Congo,8058
Paraguay,Kenya,42348
Paraguay,Lebanon,1
Paraguay,Morocco,28347
Paraguay,Romania,6570
Paraguay,Sri Lanka,21808
Paraguay,Turkey,64367
Paraguay,Uganda,6000
Paraguay,United Arab Emirates,19025
Paraguay,Uruguay,8682
Peru,Argentina,109543
Peru,Aruba,0
Peru,Australia,0
Peru,Canada,515328
Peru,Canada,1
Peru,Chile,102
Peru,Chile,2
Peru,Colombia,5
Peru,France,0
Peru,Germany,0
Peru,Italy,3
Peru,Japan,4
Peru,Mexico,8009
Peru,Panama,0
Peru,Russian Federation,107632
Peru,Spain,30
Peru,Switzerland,0
Peru,United States of America,943088
Peru,United States of America,63
Philippines,Australia,925028
Philippines,Canada,147418
Philippines,"China, Taiwan Province of",63
Philippines,India,247
Philippines,Pakistan,54908
Philippines,Turkey,230
Philippines,United States of America,1638676
Poland,Austria,4674
Poland,Austria,302
Poland,Belarus,18
Poland,Belgium,12
Poland,Belgium,6607
Poland,Canada,0
Poland,Canada,1
Poland,Chile,0
Poland,"China, mainland",0
Poland,Czechia,271502
Poland,Czechia,2124
Poland,Denmark,34454
Poland,Denmark,7900
Poland,Finland,2428
Poland,France,11425
Poland,France,12300
Poland,Germany,203225
Poland,Germany,620167
Poland,Hungary,95875
Poland,Hungary,3011
Poland,Ireland,14419
Poland,Italy,2
Poland,Kazakhstan,2630
Poland,Latvia,819
Poland,Latvia,15
Poland,Lithuania,7201
Poland,Lithuania,5358
Poland,Netherlands,36347
Poland,Netherlands,47135
Poland,Norway,7388
Poland,Portugal,15066
Poland,Republic of Moldova,1966
Poland,Republic of Moldova,54
Poland,Romania,25
Poland,Russian Federation,3118
Poland,Russian Federation,258
Poland,Saudi Arabia,55186
Poland,Slovakia,82632
Poland,Slovakia,6379
Poland,Spain,346
Poland,Spain,7250
Poland,Sweden,3300
Poland,Sweden,14258
Poland,Switzerland,44
Poland,Ukraine,38967
Poland,Ukraine,0
Poland,United Kingdom,15730
Poland,United Kingdom,23
Poland,United States of America,1
Portugal,Belgium,3
Portugal,Belgium,10
Portugal,Bulgaria,47557
Portugal,Canada,2086
Portugal,"China, mainland",0
Portugal,Denmark,33154
Portugal,Equatorial Guinea,1
Portugal,Finland,5543
Portugal,France,467342
Portugal,Germany,92213
Portugal,Ireland,4140
Portugal,Italy,102
Portugal,Lithuania,3160
Portugal,Netherlands,489
Portugal,Romania,19070
Portugal,Russian Federation,44357
Portugal,Spain,269645
Portugal,Spain,35274
Portugal,Switzerland,1
Portugal,Ukraine,111330
Portugal,United Kingdom,104159
Portugal,United Kingdom,392
Portugal,United States of America,52045
Republic of Korea,Australia,1798363
Republic of Korea,Austria,475
Republic of Korea,Belgium,1071
Republic of Korea,Brazil,0
Republic of Korea,Bulgaria,25387
Republic of Korea,Canada,1506639
Republic of Korea,"China, mainland",0
Republic of Korea,Denmark,17710
Republic of Korea,Germany,4500
Republic of Korea,India,0
Republic of Korea,Indonesia,1208
Republic of Korea,Japan,2
Republic of Korea,Mexico,0
Republic of Korea,Romania,1055
Republic of Korea,Russian Federation,3765
Republic of Korea,Singapore,0
Republic of Korea,Singapore,0
Republic of Korea,Turkey,0
Republic of Korea,Ukraine,30943
Republic of Korea,United Arab Emirates,0
Republic of Korea,United States of America,1280221
Republic of Moldova,British Virgin Islands,135
Republic of Moldova,Bulgaria,21
Republic of Moldova,"China, Hong Kong SAR",9393
Republic of Moldova,France,1
Republic of Moldova,Germany,1
Republic of Moldova,Germany,7010
Republic of Moldova,Italy,19813
Republic of Moldova,Lebanon,3181
Republic of Moldova,Panama,871
Republic of Moldova,Poland,60
Republic of Moldova,Poland,1966
Republic of Moldova,Romania,21
Republic of Moldova,Romania,272
Republic of Moldova,Russian Federation,100
Republic of Moldova,Turkey,0
Republic of Moldova,Turkey,11286
Republic of Moldova,Ukraine,231
Republic of Moldova,Ukraine,258
Republic of Moldova,United Kingdom,7320
Republic of Moldova,United States of America,8627
Romania,Austria,9836
Romania,Austria,14633
Romania,Belgium,27
Romania,Bulgaria,267928
Romania,Bulgaria,5156
Romania,Croatia,70
Romania,Cyprus,12969
Romania,Czechia,150
Romania,Czechia,229
Romania,Denmark,2700
Romania,Egypt,188993
Romania,France,494
Romania,France,48032
Romania,Georgia,2905
Romania,Germany,2380
Romania,Germany,73259
Romania,Greece,312
Romania,Greece,81742
Romania,Hungary,190918
Romania,Hungary,16188
Romania,Israel,18673
Romania,Italy,9864
Romania,Italy,206811
Romania,Jordan,100333
Romania,Lebanon,7198
Romania,Lithuania,214
Romania,Netherlands,0
Romania,Netherlands,132699
Romania,Paraguay,25162
Romania,Poland,386
Romania,Portugal,7342
Romania,Republic of Moldova,966
Romania,Republic of Moldova,21
Romania,Saudi Arabia,58880
Romania,Serbia,46370
Romania,Serbia,1534
Romania,Slovakia,4002
Romania,Slovakia,2206
Romania,Slovenia,0
Romania,Slovenia,45
Romania,Spain,336501
Romania,Switzerland,2358
Romania,Syrian Arab Republic,190829
Romania,Turkey,40
Romania,Turkey,22822
Romania,Ukraine,100
Romania,United Kingdom,22
Romania,United Kingdom,33580
Russian Federation,Albania,201885
Russian Federation,Armenia,255480
Russian Federation,Austria,40
Russian Federation,Austria,7760
Russian Federation,Azerbaijan,339575
Russian Federation,Bangladesh,109652
Russian Federation,British Virgin Islands,4390
Russian Federation,Canada,40
Russian Federation,Chad,1432
Russian Federation,"China, mainland",190
Russian Federation,Congo,2500
Russian Federation,Cyprus,17933
Russian Federation,Czechia,145
Russian Federation,Democratic People's Republic of Korea,59461
Russian Federation,Democratic Republic of the Congo,8324
Russian Federation,Denmark,1015
Russian Federation,Djibouti,323867
Russian Federation,Ecuador,10250
Russian Federation,Egypt,4802376
Russian Federation,Eritrea,72166
Russian Federation,Ethiopia,329476
Russian Federation,France,306
Russian Federation,Georgia,293217
Russian Federation,Germany,170
Russian Federation,Greece,154840
Russian Federation,Iceland,1205
Russian Federation,India,23
Russian Federation,Iran (Islamic Republic of),47445
Russian Federation,Iraq,204327
Russian Federation,Israel,512794
Russian Federation,Italy,200
Russian Federation,Italy,468895
Russian Federation,Japan,16667
Russian Federation,Jordan,273692
Russian Federation,Kenya,711396
Russian Federation,Kyrgyzstan,4
Russian Federation,Latvia,77478
Russian Federation,Lebanon,240780
Russian Federation,Libya,252923
Russian Federation,Lithuania,139
Russian Federation,Lithuania,3950
Russian Federation,Malaysia,2416
Russian Federation,Mauritania,88415
Russian Federation,Mongolia,7402
Russian Federation,Morocco,133305
Russian Federation,Mozambique,113517
Russian Federation,Netherlands,63950
Russian Federation,Nicaragua,25650
Russian Federation,Nigeria,34010
Russian Federation,Norway,17835
Russian Federation,Oman,62418
Russian Federation,Peru,152880
Russian Federation,Poland,60
Russian Federation,Poland,3150
Russian Federation,Portugal,44461
Russian Federation,Qatar,21000
Russian Federation,Republic of Moldova,100
Russian Federation,Republic of Moldova,15
Russian Federation,Rwanda,6111
Russian Federation,Saudi Arabia,147684
Russian Federation,Senegal,10718
Russian Federation,Sierra Leone,2000
Russian Federation,South Africa,142795
Russian Federation,Spain,384647
Russian Federation,Switzerland,10616
Russian Federation,Syrian Arab Republic,137042
Russian Federation,Tajikistan,1604
Russian Federation,Thailand,1082
Russian Federation,Tunisia,332904
Russian Federation,Turkey,2098208
Russian Federation,Uganda,44571
Russian Federation,Ukraine,39
Russian Federation,Ukraine,31303
Russian Federation,United Arab Emirates,228566
Russian Federation,United Republic of Tanzania,196773
Russian Federation,Unspecified Area,180542
Russian Federation,Uzbekistan,20610
Russian Federation,Viet Nam,475
Russian Federation,Yemen,610314
Russian Federation,Zimbabwe,19787
Rwanda,Argentina,11430
Rwanda,Australia,13049
Rwanda,Belgium,0
Rwanda,Brazil,896
Rwanda,Burundi,0
Rwanda,Democratic Republic of the Congo,0
Rwanda,Democratic Republic of the Congo,0
Rwanda,Germany,1723
Rwanda,Kenya,494
Rwanda,Kenya,186
Rwanda,Pakistan,9006
Rwanda,Paraguay,5719
Rwanda,Russian Federation,13830
Rwanda,Uganda,0
Rwanda,United Republic of Tanzania,2700
Rwanda,United States of America,21040
Rwanda,Uruguay,2857
Saudi Arabia,Australia,57750
Saudi Arabia,Bahrain,806
Saudi Arabia,Brazil,114428
Saudi Arabia,Bulgaria,9362
Saudi Arabia,Canada,508816
Saudi Arabia,Czechia,19249
Saudi Arabia,Germany,244399
Saudi Arabia,Latvia,92318
Saudi Arabia,Lithuania,43220
Saudi Arabia,Poland,55186
Saudi Arabia,Romania,49518
Saudi Arabia,Russian Federation,92763
Saudi Arabia,Slovakia,19249
Saudi Arabia,Turkey,321
Saudi Arabia,Ukraine,263466
Saudi Arabia,United States of America,494638
Saudi Arabia,Unspecified Area,704
Saudi Arabia,Unspecified Area,2773
Saudi Arabia,Yemen,380
Senegal,Argentina,24150
Senegal,Canada,24786
Senegal,France,328342
Senegal,Mali,500
Senegal,Turkey,4
Senegal,Ukraine,9916
Senegal,Uruguay,42344
Serbia,Albania,4286
Serbia,Austria,27
Serbia,Austria,175
Serbia,Bosnia and Herzegovina,27
Serbia,Bosnia and Herzegovina,71605
Serbia,Bulgaria,1
Serbia,Bulgaria,432
Serbia,Croatia,169
Serbia,Croatia,476
Serbia,Czechia,0
Serbia,Czechia,24
Serbia,France,66
Serbia,France,1
Serbia,Greece,78
Serbia,Hungary,586
Serbia,Hungary,37
Serbia,Italy,197
Serbia,Italy,18380
Serbia,Montenegro,2
Serbia,Montenegro,18122
Serbia,Netherlands,631
Serbia,Poland,50
Serbia,Romania,150297
Serbia,Russian Federation,1
Serbia,Slovenia,4852
Serbia,Sudan (former),0
Serbia,Sweden,0
Serbia,Switzerland,0
Serbia,Switzerland,1696
Serbia,The former Yugoslav Republic of Macedonia,24
Serbia,The former Yugoslav Republic of Macedonia,52049
Serbia,Ukraine,229
Serbia,Uzbekistan,0
Singapore,Australia,99468
Singapore,Australia,0
Singapore,Austria,0
Singapore,Brunei Darussalam,5
Singapore,Cambodia,0
Singapore,Canada,9870
Singapore,"China, mainland",1
Singapore,"China, Taiwan Province of",1
Singapore,Denmark,0
Singapore,India,43
Singapore,India,147
Singapore,Indonesia,3
Singapore,Indonesia,0
Singapore,Japan,1385
Singapore,Malaysia,2796
Singapore,Malaysia,20
Singapore,Maldives,18
Singapore,Myanmar,0
Singapore,Netherlands,1
Singapore,Papua New Guinea,20
Singapore,Poland,0
Singapore,Republic of Korea,2
Singapore,Seychelles,21
Singapore,South Africa,6
Singapore,Sri Lanka,197
Singapore,United Kingdom,1
Singapore,United States of America,56535
Slovakia,Austria,1792
Slovakia,Austria,72532
Slovakia,Belgium,29
Slovakia,Bulgaria,3
Slovakia,Cyprus,71
Slovakia,Czechia,89558
Slovakia,Czechia,23986
Slovakia,France,3
Slovakia,Georgia,19
Slovakia,Germany,2611
Slovakia,Germany,26391
Slovakia,Hungary,20561
Slovakia,Hungary,72862
Slovakia,Italy,506
Slovakia,Italy,14391
Slovakia,Netherlands,27
Slovakia,Netherlands,88
Slovakia,Poland,4939
Slovakia,Poland,59250
Slovakia,Romania,42
Slovakia,Romania,1979
Slovakia,Slovenia,17
Slovakia,Slovenia,2293
Slovakia,Switzerland,1004
Slovakia,Turkey,5
Slovenia,Austria,49059
Slovenia,Austria,1606
Slovenia,Belgium,2
Slovenia,Bosnia and Herzegovina,112
Slovenia,Bulgaria,3
Slovenia,Croatia,771
Slovenia,Croatia,30
Slovenia,Czechia,3139
Slovenia,France,69
Slovenia,France,154
Slovenia,Germany,4551
Slovenia,Germany,173
Slovenia,Hungary,87862
Slovenia,Hungary,1248
Slovenia,Israel,3300
Slovenia,Italy,88
Slovenia,Italy,10883
Slovenia,Latvia,0
Slovenia,Montenegro,1
Slovenia,Netherlands,1
Slovenia,Romania,45
Slovenia,Romania,2
Slovenia,Serbia,6932
Slovenia,Serbia,66
Slovenia,Slovakia,3350
Slovenia,The former Yugoslav Republic of Macedonia,0
Slovenia,United Kingdom,2
Solomon Islands,Australia,15907
South Africa,Angola,0
South Africa,Argentina,628254
South Africa,Australia,256499
South Africa,Brazil,32951
South Africa,Canada,84122
South Africa,"China, Taiwan Province of",44
South Africa,Germany,213633
South Africa,India,5
South Africa,Italy,76
South Africa,Japan,0
South Africa,Kenya,0
South Africa,Lithuania,9000
South Africa,Madagascar,1591
South Africa,Malawi,206
South Africa,Malaysia,22
South Africa,Mauritius,0
South Africa,Mozambique,716
South Africa,Netherlands,7
South Africa,Russian Federation,110718
South Africa,Saudi Arabia,0
South Africa,Sweden,1
South Africa,United Arab Emirates,8
South Africa,United Kingdom,1
South Africa,United States of America,514109
South Africa,Zambia,18128
South Africa,Zimbabwe,891
Spain,Albania,3300
Spain,Algeria,49926
Spain,Argentina,147
Spain,Argentina,0
Spain,Austria,9000
Spain,Belgium,8
Spain,Belgium,30307
Spain,Brazil,11697
Spain,Bulgaria,812538
Spain,Bulgaria,21
Spain,Canada,18249
Spain,Colombia,0
Spain,Czechia,121
Spain,Denmark,86066
Spain,Dominican Republic,2
Spain,Estonia,17512
Spain,Finland,37124
Spain,Finland,2
Spain,France,937883
Spain,France,35990
Spain,Germany,145890
Spain,Germany,3358
Spain,Greece,94
Spain,Ireland,42
Spain,Italy,12956
Spain,Italy,77669
Spain,Jordan,4
Spain,Kazakhstan,5028
Spain,Latvia,67941
Spain,Latvia,0
Spain,Lithuania,49041
Spain,Luxembourg,1
Spain,Mexico,0
Spain,Morocco,3924
Spain,Netherlands,20656
Spain,Peru,29
Spain,Poland,5110
Spain,Poland,360
Spain,Portugal,42040
Spain,Portugal,238915
Spain,Romania,139757
Spain,Russian Federation,374451
Spain,Serbia,48828
Spain,Spain,9
Spain,Sweden,75070
Spain,Sweden,4610
Spain,Switzerland,0
Spain,Switzerland,0
Spain,Tunisia,102536
Spain,Turkey,3338
Spain,Ukraine,789876
Spain,United Arab Emirates,0
Spain,United Kingdom,407090
Spain,United Kingdom,13484
Spain,United States of America,241539
Spain,Unspecified Area,0
Sri Lanka,Australia,75981
Sri Lanka,Brazil,21301
Sri Lanka,Canada,810331
Sri Lanka,"China, Hong Kong SAR",496
Sri Lanka,France,0
Sri Lanka,India,13543
Sri Lanka,Indonesia,432
Sri Lanka,Iran (Islamic Republic of),1
Sri Lanka,Malaysia,1524
Sri Lanka,Norway,0
Sri Lanka,Pakistan,105927
Sri Lanka,Paraguay,23809
Sri Lanka,Russian Federation,13915
Sri Lanka,Singapore,61612
Sri Lanka,Singapore,20501
Sri Lanka,United Arab Emirates,22860
Sri Lanka,United Kingdom,0
Sri Lanka,United States of America,176001
Suriname,France,13164
Suriname,Guyana,538
Suriname,Netherlands,0
Suriname,Trinidad and Tobago,153
Suriname,United Kingdom,620
Suriname,United States of America,1061
Sweden,Belgium,1419
Sweden,Chile,1
Sweden,"China, mainland",1
Sweden,Denmark,57798
Sweden,Denmark,155502
Sweden,Estonia,6406
Sweden,Estonia,1
Sweden,Finland,107
Sweden,Finland,109
Sweden,France,23807
Sweden,Germany,84732
Sweden,Germany,69338
Sweden,Iceland,7914
Sweden,Italy,483
Sweden,Italy,108
Sweden,Japan,2
Sweden,Kazakhstan,10410
Sweden,Latvia,13258
Sweden,Latvia,84
Sweden,Lebanon,3
Sweden,Lithuania,30446
Sweden,Lithuania,2
Sweden,Morocco,15615
Sweden,Netherlands,300
Sweden,Netherlands,11863
Sweden,New Zealand,0
Sweden,New Zealand,0
Sweden,Norway,300
Sweden,Norway,29947
Sweden,Pakistan,0
Sweden,Poland,22127
Sweden,Poland,13400
Sweden,Russian Federation,0
Sweden,Saudi Arabia,30500
Sweden,Spain,2485
Sweden,Spain,70587
Sweden,Switzerland,0
Sweden,Switzerland,356
Sweden,Turkey,7
Sweden,United Kingdom,6145
Sweden,United Kingdom,1
Sweden,United States of America,0
Switzerland,Argentina,2736
Switzerland,Argentina,0
Switzerland,Austria,43102
Switzerland,Austria,29
Switzerland,Belgium,1
Switzerland,Bosnia and Herzegovina,0
Switzerland,Cabo Verde,73
Switzerland,Canada,104905
Switzerland,Czechia,3080
Switzerland,Czechia,2
Switzerland,France,97690
Switzerland,France,541
Switzerland,Germany,176512
Switzerland,Germany,108
Switzerland,Hungary,4761
Switzerland,Hungary,0
Switzerland,India,2
Switzerland,Italy,7766
Switzerland,Italy,0
Switzerland,Netherlands,25
Switzerland,Netherlands,0
Switzerland,New Zealand,0
Switzerland,Norway,25
Switzerland,Poland,37
Switzerland,Republic of Korea,0
Switzerland,Romania,753
Switzerland,Slovakia,1004
Switzerland,South Africa,3
Switzerland,Spain,0
Switzerland,Sweden,308
Switzerland,Sweden,0
Switzerland,Turkey,4
Switzerland,Turkey,2
Switzerland,United Kingdom,2
Switzerland,United States of America,19284
Thailand,Australia,642451
Thailand,Australia,0
Thailand,Canada,310349
Thailand,Canada,0
Thailand,"China, Hong Kong SAR",1
Thailand,"China, mainland",6360
Thailand,"China, mainland",0
Thailand,"China, Taiwan Province of",5
Thailand,Denmark,3
Thailand,France,0
Thailand,Germany,0
Thailand,India,41584
Thailand,India,0
Thailand,Indonesia,0
Thailand,Iran (Islamic Republic of),0
Thailand,Israel,0
Thailand,Italy,5
Thailand,Italy,0
Thailand,Japan,1
Thailand,Jordan,0
Thailand,Malaysia,5
Thailand,Maldives,0
Thailand,Netherlands,0
Thailand,New Zealand,0
Thailand,Norway,0
Thailand,Pakistan,0
Thailand,Philippines,0
Thailand,Russian Federation,2552
Thailand,Singapore,0
Thailand,Spain,0
Thailand,Switzerland,1
Thailand,Turkey,0
Thailand,United Arab Emirates,0
Thailand,United Kingdom,0
Thailand,United Republic of Tanzania,0
Thailand,United States of America,422905
Thailand,United States of America,0
Thailand,Viet Nam,0
The former Yugoslav Republic of Macedonia,Albania,45
The former Yugoslav Republic of Macedonia,Austria,2401
The former Yugoslav Republic of Macedonia,Bulgaria,10029
The former Yugoslav Republic of Macedonia,"China, mainland",0
The former Yugoslav Republic of Macedonia,Croatia,7621
The former Yugoslav Republic of Macedonia,France,2206
The former Yugoslav Republic of Macedonia,Germany,0
The former Yugoslav Republic of Macedonia,Greece,513
The former Yugoslav Republic of Macedonia,Hungary,3470
The former Yugoslav Republic of Macedonia,Russian Federation,205
The former Yugoslav Republic of Macedonia,Serbia,51875
The former Yugoslav Republic of Macedonia,Turkey,7
The former Yugoslav Republic of Macedonia,Unspecified Area,48
Togo,Canada,25500
Togo,France,43789
Togo,Germany,0
Togo,Ghana,400
Tunisia,Argentina,27500
Tunisia,Australia,5492
Tunisia,Austria,998
Tunisia,Brazil,196621
Tunisia,Bulgaria,7127
Tunisia,Canada,81850
Tunisia,France,256191
Tunisia,Germany,22500
Tunisia,Greece,18154
Tunisia,Italy,233605
Tunisia,Libya,58593
Tunisia,Mexico,14239
Tunisia,Russian Federation,331357
Tunisia,Spain,74594
Tunisia,Ukraine,238934
Tunisia,United States of America,64956
Tunisia,Unspecified Area,3844
Tunisia,Unspecified Area,1500
Turkey,Afghanistan,4
Turkey,Argentina,164947
Turkey,Australia,0
Turkey,Australia,6
Turkey,Austria,41
Turkey,Austria,0
Turkey,Azerbaijan,1095
Turkey,Belgium,13
Turkey,Bosnia and Herzegovina,8541
Turkey,Brazil,260378
Turkey,Bulgaria,62683
Turkey,Canada,52326
Turkey,Croatia,11932
Turkey,Cyprus,20
Turkey,Czechia,0
Turkey,Denmark,1
Turkey,France,52809
Turkey,France,1
Turkey,Georgia,10
Turkey,Germany,224386
Turkey,Germany,4
Turkey,Greece,13847
Turkey,Hungary,46532
Turkey,Iran (Islamic Republic of),0
Turkey,Iraq,3380
Turkey,Italy,7126
Turkey,Japan,180
Turkey,Jordan,500
Turkey,Kazakhstan,288573
Turkey,Kyrgyzstan,0
Turkey,Latvia,49023
Turkey,Lebanon,0
Turkey,Lithuania,101831
Turkey,Maldives,0
Turkey,Mexico,684
Turkey,Netherlands,0
Turkey,Paraguay,102525
Turkey,Republic of Moldova,31346
Turkey,Romania,8467
Turkey,Russian Federation,1777145
Turkey,Slovakia,5
Turkey,Spain,3338
Turkey,Sweden,2
Turkey,Switzerland,2
Turkey,Switzerland,2
Turkey,Syrian Arab Republic,0
Turkey,The former Yugoslav Republic of Macedonia,7
Turkey,Turkmenistan,0
Turkey,Ukraine,577987
Turkey,United Kingdom,7013
Turkey,United Kingdom,7
Turkey,United States of America,901195
Turkey,United States of America,1
Uganda,Argentina,35821
Uganda,Australia,61863
Uganda,Brazil,29897
Uganda,Canada,7080
Uganda,"China, mainland",27
Uganda,Democratic Republic of the Congo,1
Uganda,Germany,4953
Uganda,India,27
Uganda,Kenya,1940
Uganda,Kenya,220
Uganda,Lebanon,0
Uganda,Malaysia,9
Uganda,Pakistan,91320
Uganda,Panama,793
Uganda,Paraguay,19390
Uganda,Russian Federation,69243
Uganda,Rwanda,5172
Uganda,Sudan (former),140
Uganda,Syrian Arab Republic,0
Uganda,Ukraine,10061
Uganda,United Arab Emirates,1431
Uganda,United Kingdom,8202
Uganda,United States of America,39762
Uganda,Uruguay,6456
Ukraine,Albania,8180
Ukraine,Algeria,2975
Ukraine,Armenia,2
Ukraine,Armenia,65448
Ukraine,Austria,251
Ukraine,Austria,72
Ukraine,Bangladesh,118044
Ukraine,Belarus,1083
Ukraine,Bulgaria,2974
Ukraine,Cambodia,711
Ukraine,Chad,5947
Ukraine,"China, Taiwan Province of",19566
Ukraine,Croatia,0
Ukraine,Czechia,216
Ukraine,Egypt,368101
Ukraine,France,1
Ukraine,France,6000
Ukraine,Georgia,204034
Ukraine,Germany,817
Ukraine,Germany,25080
Ukraine,Greece,12455
Ukraine,Indonesia,1106
Ukraine,Israel,371584
Ukraine,Italy,259468
Ukraine,Jordan,49800
Ukraine,Kenya,35509
Ukraine,Lebanon,73262
Ukraine,Libya,133063
Ukraine,Malaysia,13596
Ukraine,Mauritania,15879
Ukraine,Mexico,0
Ukraine,Morocco,38331
Ukraine,Netherlands,1
Ukraine,Netherlands,79925
Ukraine,Poland,38966
Ukraine,Portugal,97327
Ukraine,Republic of Moldova,305
Ukraine,Romania,100
Ukraine,Russian Federation,483
Ukraine,Russian Federation,40
Ukraine,Saudi Arabia,214433
Ukraine,Serbia,229
Ukraine,Spain,899140
Ukraine,Sri Lanka,2051
Ukraine,Sudan (former),20339
Ukraine,Switzerland,85
Ukraine,Syrian Arab Republic,81969
Ukraine,Thailand,61016
Ukraine,Tunisia,243408
Ukraine,Turkey,0
Ukraine,Turkey,477038
Ukraine,United Arab Emirates,30934
Ukraine,United Kingdom,12181
Ukraine,United States of America,19
Ukraine,Viet Nam,5886
United Kingdom,Algeria,24877
United Kingdom,Argentina,2425
United Kingdom,Australia,861
United Kingdom,Austria,25
United Kingdom,Austria,0
United Kingdom,Belgium,7848
United Kingdom,Belgium,176984
United Kingdom,Canada,309654
United Kingdom,"China, mainland",7
United Kingdom,"China, mainland",3
United Kingdom,Cyprus,11
United Kingdom,Cyprus,5
United Kingdom,Czechia,1
United Kingdom,Denmark,27159
United Kingdom,Denmark,10137
United Kingdom,Ethiopia,1
United Kingdom,Finland,3300
United Kingdom,Finland,0
United Kingdom,France,150328
United Kingdom,France,120000
United Kingdom,Germany,159347
United Kingdom,Germany,136397
United Kingdom,Greece,16259
United Kingdom,Hungary,257
United Kingdom,Iceland,6224
United Kingdom,India,659
United Kingdom,Ireland,71372
United Kingdom,Ireland,179882
United Kingdom,Italy,14020
United Kingdom,Italy,58617
United Kingdom,Kazakhstan,26427
United Kingdom,Latvia,3386
United Kingdom,Lithuania,8
United Kingdom,Lithuania,0
United Kingdom,Malta,9
United Kingdom,Morocco,14938
United Kingdom,Netherlands,10560
United Kingdom,Netherlands,882052
United Kingdom,Norway,8802
United Kingdom,Poland,25
United Kingdom,Poland,12117
United Kingdom,Portugal,0
United Kingdom,Portugal,113687
United Kingdom,Romania,27709
United Kingdom,Romania,0
United Kingdom,Russian Federation,6589
United Kingdom,Singapore,1
United Kingdom,South Africa,215
United Kingdom,Spain,16977
United Kingdom,Spain,419256
United Kingdom,Suriname,620
United Kingdom,Sweden,0
United Kingdom,Switzerland,4
United Kingdom,Turkey,25
United Kingdom,Turkey,7013
United Kingdom,Ukraine,13380
United Kingdom,United States of America,49150
United Kingdom,United States of America,99001
United Kingdom,Zimbabwe,0
United Republic of Tanzania,Argentina,227295
United Republic of Tanzania,Australia,183749
United Republic of Tanzania,Benin,0
United Republic of Tanzania,Brazil,41700
United Republic of Tanzania,Canada,29700
United Republic of Tanzania,"China, Hong Kong SAR",0
United Republic of Tanzania,Democratic Republic of the Congo,210
United Republic of Tanzania,Germany,9
United Republic of Tanzania,India,21
United Republic of Tanzania,Ireland,0
United Republic of Tanzania,Kenya,650
United Republic of Tanzania,Kenya,74
United Republic of Tanzania,Latvia,1907
United Republic of Tanzania,Pakistan,73365
United Republic of Tanzania,Paraguay,38964
United Republic of Tanzania,Poland,4
United Republic of Tanzania,Russian Federation,183922
United Republic of Tanzania,Rwanda,7514
United Republic of Tanzania,South Africa,0
United Republic of Tanzania,Swaziland,1100
United Republic of Tanzania,Uganda,7200
United Republic of Tanzania,Ukraine,26031
United Republic of Tanzania,United Arab Emirates,4
United Republic of Tanzania,United Kingdom,0
United Republic of Tanzania,United States of America,245394
United Republic of Tanzania,Uruguay,4000
United States of America,Afghanistan,19762
United States of America,Algeria,21238
United States of America,Argentina,115
United States of America,Armenia,19
United States of America,Bahamas,20
United States of America,Bangladesh,65457
United States of America,Barbados,17787
United States of America,Belgium,45854
United States of America,Belize,19605
United States of America,Brazil,112240
United States of America,Burundi,10400
United States of America,Canada,1924891
United States of America,Canada,64827
United States of America,Chad,3460
United States of America,Chile,430113
United States of America,"China, Hong Kong SAR",5377
United States of America,"China, mainland",4
United States of America,"China, mainland",478969
United States of America,"China, Taiwan Province of",964264
United States of America,Colombia,671868
United States of America,Congo,48719
United States of America,Costa Rica,179008
United States of America,Cuba,5330
United States of America,Cyprus,1
United States of America,Democratic Republic of the Congo,33920
United States of America,Djibouti,86165
United States of America,Dominican Republic,553661
United States of America,Ecuador,101223
United States of America,Egypt,3
United States of America,Egypt,2489363
United States of America,El Salvador,239106
United States of America,Ethiopia,213900
United States of America,Germany,152
United States of America,Germany,24092
United States of America,Ghana,36427
United States of America,Greece,6
United States of America,Grenada,23118
United States of America,Guatemala,4
United States of America,Guatemala,472165
United States of America,Guinea,7500
United States of America,Guyana,52
United States of America,Haiti,19800
United States of America,Honduras,194757
United States of America,Iceland,17
United States of America,India,17
United States of America,Indonesia,816042
United States of America,Iraq,1501505
United States of America,Israel,2
United States of America,Israel,451034
United States of America,Italy,90
United States of America,Italy,467212
United States of America,Jamaica,175817
United States of America,Japan,0
United States of America,Japan,3685538
United States of America,Jordan,1
United States of America,Jordan,509689
United States of America,Kenya,16006
United States of America,Lebanon,6
United States of America,Lebanon,41749
United States of America,Liberia,14350
United States of America,Libya,52060
United States of America,Madagascar,7000
United States of America,Malawi,53520
United States of America,Malaysia,438658
United States of America,Mali,2500
United States of America,Mexico,23742
United States of America,Mexico,3263637
United States of America,Morocco,179117
United States of America,Mozambique,180766
United States of America,Myanmar,27803
United States of America,Namibia,24876
United States of America,Netherlands,34276
United States of America,Nicaragua,148457
United States of America,Nigeria,3631547
United States of America,Oman,152054
United States of America,Pakistan,18600
United States of America,Panama,139173
United States of America,Peru,19
United States of America,Peru,1006612
United States of America,Philippines,2067361
United States of America,Portugal,13255
United States of America,Republic of Korea,1395827
United States of America,Russian Federation,2
United States of America,Saint Kitts and Nevis,4
United States of America,Saint Lucia,41
United States of America,Saint Vincent and the Grenadines,18221
United States of America,Saudi Arabia,494370
United States of America,Sierra Leone,17530
United States of America,Singapore,100157
United States of America,South Africa,291005
United States of America,Spain,184134
United States of America,Sri Lanka,180222
United States of America,Sudan (former),140
United States of America,Suriname,3903
United States of America,Syrian Arab Republic,27852
United States of America,Thailand,433112
United States of America,Trinidad and Tobago,118085
United States of America,Tunisia,32775
United States of America,Turkey,240
United States of America,Turkey,678778
United States of America,Turks and Caicos Islands,5
United States of America,Uganda,21120
United States of America,United Arab Emirates,394
United States of America,United Arab Emirates,29796
United States of America,United Kingdom,49508
United States of America,United Kingdom,60404
United States of America,United Republic of Tanzania,151477
United States of America,Unspecified Area,300426
United States of America,Venezuela (Bolivarian Republic of),671349
United States of America,Viet Nam,220403
United States of America,Yemen,578841
Uruguay,Algeria,26216
Uruguay,Argentina,7976
Uruguay,Argentina,1
Uruguay,Brazil,28
Uruguay,Brazil,269444
Uruguay,"China, mainland",5501
Uruguay,Colombia,6125
Uruguay,Congo,11136
Uruguay,France,3
Uruguay,Germany,0
Uruguay,Morocco,27500
Uruguay,Mozambique,27502
Uruguay,New Zealand,0
Uruguay,Paraguay,5523
Uruguay,Senegal,15750
Uruguay,Turkey,128
Uruguay,United Arab Emirates,10993
Uruguay,Unspecified Area,646920
Uruguay,Venezuela (Bolivarian Republic of),19107
Vanuatu,Australia,0
Vanuatu,France,0
Venezuela (Bolivarian Republic of),Argentina,39478
Venezuela (Bolivarian Republic of),Canada,868109
Venezuela (Bolivarian Republic of),Chile,0
Venezuela (Bolivarian Republic of),Dominican Republic,1000
Venezuela (Bolivarian Republic of),Lebanon,4
Venezuela (Bolivarian Republic of),Mexico,21000
Venezuela (Bolivarian Republic of),Panama,0
Venezuela (Bolivarian Republic of),United States of America,660941
Venezuela (Bolivarian Republic of),Uruguay,19107
Yemen,Aruba,96593
Yemen,Australia,671705
Yemen,Brazil,70820
Yemen,France,269213
Yemen,Germany,53983
Yemen,India,481
Yemen,Oman,5
Yemen,Pakistan,267263
Yemen,Paraguay,65832
Yemen,Russian Federation,486299
Yemen,Saudi Arabia,364
Yemen,Somalia,57
Yemen,Turkey,276
Yemen,Ukraine,25066
Yemen,United Arab Emirates,990
Yemen,United States of America,643729
Yemen,Uruguay,34847
Yemen,Yemen,196
Zambia,Bermuda,214
Zambia,Brazil,3910
Zambia,"China, mainland",0
Zambia,South Africa,11996
Zambia,South Africa,0
Zambia,Zimbabwe,0
Zimbabwe,Argentina,65221
Zimbabwe,Australia,25078
Zimbabwe,Bermuda,2800
Zimbabwe,Brazil,22093
Zimbabwe,Canada,10963
Zimbabwe,Germany,19665
Zimbabwe,Malawi,3000
Zimbabwe,Mozambique,15160
Zimbabwe,Mozambique,61
Zimbabwe,Russian Federation,13845
Zimbabwe,Singapore,21417
Zimbabwe,South Africa,55312
Zimbabwe,United Arab Emirates,872
Zimbabwe,United Kingdom,1678
Zimbabwe,United States of America,14865
Zimbabwe,Uruguay,3777
